<?xml version="1.0" encoding="Windows-1252" ?>

<Skin>

  <Define id="COL_AliceBlue"								value="#F0F8FF"/>
  <Define id="COL_AntiqueWhite"							value="#FAEBD7"/>
  <Define id="COL_Aqua"											value="#00FFFF"/>
  <Define id="COL_Aquamarine"								value="#7FFFD4"/>
  <Define id="COL_Azure"										value="#F0FFFF"/>
  <Define id="COL_Beige"										value="#F5F5DC"/>
  <Define id="COL_Bisque"										value="#FFE4C4"/>
  <Define id="COL_Black"										value="#000000"/>
  <Define id="COL_BlanchedAlmond"						value="#FFEBCD"/>
  <Define id="COL_Blue"											value="#0000FF"/>
  <Define id="COL_BlueViolet"								value="#8A2BE2"/>
  <Define id="COL_Brown"										value="#A52A2A"/>
  <Define id="COL_BurlyWood"								value="#DEB887"/>
  <Define id="COL_CadetBlue"								value="#5F9EA0"/>
  <Define id="COL_Chartreuse"								value="#7FFF00"/>
  <Define id="COL_Chocolate"								value="#D2691E"/>
  <Define id="COL_Coral"										value="#FF7F50"/>
  <Define id="COL_CornflowerBlue"						value="#6495ED"/>
  <Define id="COL_Cornsilk"									value="#FFF8DC"/>
  <Define id="COL_Crimson"									value="#DC143C"/>
  <Define id="COL_Cyan"											value="#00FFFF"/>
  <Define id="COL_DarkBlue"									value="#00008B"/>
  <Define id="COL_DarkCyan"									value="#008B8B"/>
  <Define id="COL_DarkGoldenRod"						value="#B8860B"/>
  <Define id="COL_DarkGray"									value="#A9A9A9"/>
  <Define id="COL_DarkGreen"								value="#006400"/>
  <Define id="COL_DarkKhaki"								value="#BDB76B"/>
  <Define id="COL_DarkMagenta"							value="#8B008B"/>
  <Define id="COL_DarkOliveGreen"						value="#556B2F"/>
  <Define id="COL_Darkorange"								value="#FF8C00"/>
  <Define id="COL_DarkOrchid"								value="#9932CC"/>
  <Define id="COL_DarkRed"									value="#8B0000"/>
  <Define id="COL_DarkSalmon"								value="#E9967A"/>
  <Define id="COL_DarkSeaGreen"							value="#8FBC8F"/>
  <Define id="COL_DarkSlateBlue"						value="#483D8B"/>
  <Define id="COL_DarkSlateGray"						value="#2F4F4F"/>
  <Define id="COL_DarkTurquoise"						value="#00CED1"/>
  <Define id="COL_DarkViolet"								value="#9400D3"/>
  <Define id="COL_DeepPink"									value="#FF1493"/>
  <Define id="COL_DeepSkyBlue"							value="#00BFFF"/>
  <Define id="COL_DimGray"									value="#696969"/>
  <Define id="COL_DodgerBlue"								value="#1E90FF"/>
  <Define id="COL_Feldspar"									value="#D19275"/>
  <Define id="COL_FireBrick"								value="#B22222"/>
  <Define id="COL_FloralWhite"							value="#FFFAF0"/>
  <Define id="COL_ForestGreen"							value="#228B22"/>
  <Define id="COL_Fuchsia"									value="#FF00FF"/>
  <Define id="COL_Gainsboro"								value="#DCDCDC"/>
  <Define id="COL_GhostWhite"								value="#F8F8FF"/>
  <Define id="COL_Gold"											value="#FFD700"/>
  <Define id="COL_GoldenRod"								value="#DAA520"/>
  <Define id="COL_Gray"											value="#808080"/>
  <Define id="COL_Green"										value="#008000"/>
  <Define id="COL_GreenYellow"							value="#ADFF2F"/>
  <Define id="COL_HoneyDew"									value="#F0FFF0"/>
  <Define id="COL_HotPink"									value="#FF69B4"/>
  <Define id="COL_IndianRed "								value="#CD5C5C"/>
  <Define id="COL_Indigo "									value="#4B0082"/>
  <Define id="COL_Ivory"										value="#FFFFF0"/>
  <Define id="COL_Khaki"										value="#F0E68C"/>
  <Define id="COL_Lavender"									value="#E6E6FA"/>
  <Define id="COL_LavenderBlush"						value="#FFF0F5"/>
  <Define id="COL_LawnGreen"								value="#7CFC00"/>
  <Define id="COL_LemonChiffon"							value="#FFFACD"/>
  <Define id="COL_LightBlue"								value="#ADD8E6"/>
  <Define id="COL_LightCoral"								value="#F08080"/>
  <Define id="COL_LightCyan"								value="#E0FFFF"/>
  <Define id="COL_LightGoldenRodYellow"			value="#FAFAD2"/>
  <Define id="COL_LightGrey"								value="#D3D3D3"/>
  <Define id="COL_LightGreen"								value="#90EE90"/>
  <Define id="COL_LightPink"								value="#FFB6C1"/>
  <Define id="COL_LightSalmon"							value="#FFA07A"/>
  <Define id="COL_LightSeaGreen"						value="#20B2AA"/>
  <Define id="COL_LightSkyBlue"							value="#87CEFA"/>
  <Define id="COL_LightSlateBlue"						value="#8470FF"/>
  <Define id="COL_LightSlateGray"						value="#778899"/>
  <Define id="COL_LightSteelBlue"						value="#B0C4DE"/>
  <Define id="COL_LightYellow"							value="#FFFFE0"/>
  <Define id="COL_Lime"											value="#00FF00"/>
  <Define id="COL_LimeGreen"								value="#32CD32"/>
  <Define id="COL_Linen"										value="#FAF0E6"/>
  <Define id="COL_Magenta"									value="#FF00FF"/>
  <Define id="COL_Maroon"										value="#800000"/>
  <Define id="COL_MediumAquaMarine"					value="#66CDAA"/>
  <Define id="COL_MediumBlue"								value="#0000CD"/>
  <Define id="COL_MediumOrchid"							value="#BA55D3"/>
  <Define id="COL_MediumPurple"							value="#9370D8"/>
  <Define id="COL_MediumSeaGreen"						value="#3CB371"/>
  <Define id="COL_MediumSlateBlue"					value="#7B68EE"/>
  <Define id="COL_MediumSpringGreen"				value="#00FA9A"/>
  <Define id="COL_MediumTurquoise"					value="#48D1CC"/>
  <Define id="COL_MediumVioletRed"					value="#C71585"/>
  <Define id="COL_MidnightBlue"							value="#191970"/>
  <Define id="COL_MintCream"								value="#F5FFFA"/>
  <Define id="COL_MistyRose"								value="#FFE4E1"/>
  <Define id="COL_Moccasin"									value="#FFE4B5"/>
  <Define id="COL_NavajoWhite"							value="#FFDEAD"/>
  <Define id="COL_Navy"											value="#000080"/>
  <Define id="COL_OldLace"									value="#FDF5E6"/>
  <Define id="COL_Olive"										value="#808000"/>
  <Define id="COL_OliveDrab"								value="#6B8E23"/>
  <Define id="COL_Orange"										value="#FFA500"/>
  <Define id="COL_OrangeRed"								value="#FF4500"/>
  <Define id="COL_Orchid"										value="#DA70D6"/>
  <Define id="COL_PaleGoldenRod"						value="#EEE8AA"/>
  <Define id="COL_PaleGreen"								value="#98FB98"/>
  <Define id="COL_PaleTurquoise"						value="#AFEEEE"/>
  <Define id="COL_PaleVioletRed"						value="#D87093"/>
  <Define id="COL_PapayaWhip"								value="#FFEFD5"/>
  <Define id="COL_PeachPuff"								value="#FFDAB9"/>
  <Define id="COL_Peru"											value="#CD853F"/>
  <Define id="COL_Pink"											value="#FFC0CB"/>
  <Define id="COL_Plum"											value="#DDA0DD"/>
  <Define id="COL_PowderBlue"								value="#B0E0E6"/>
  <Define id="COL_Purple"										value="#800080"/>
  <Define id="COL_Red"											value="#FF0000"/>
  <Define id="COL_RosyBrown"								value="#BC8F8F"/>
  <Define id="COL_RoyalBlue"								value="#4169E1"/>
  <Define id="COL_SaddleBrown"							value="#8B4513"/>
  <Define id="COL_Salmon"										value="#FA8072"/>
  <Define id="COL_SandyBrown"								value="#F4A460"/>
  <Define id="COL_SeaGreen"									value="#2E8B57"/>
  <Define id="COL_SeaShell"									value="#FFF5EE"/>
  <Define id="COL_Sienna"										value="#A0522D"/>
  <Define id="COL_Silver"										value="#C0C0C0"/>
  <Define id="COL_SkyBlue"									value="#87CEEB"/>
  <Define id="COL_SlateBlue"								value="#6A5ACD"/>
  <Define id="COL_SlateGray"								value="#708090"/>
  <Define id="COL_Snow"											value="#FFFAFA"/>
  <Define id="COL_SpringGreen"							value="#00FF7F"/>
  <Define id="COL_SteelBlue"								value="#4682B4"/>
  <Define id="COL_Tan"											value="#D2B48C"/>
  <Define id="COL_Teal"											value="#008080"/>
  <Define id="COL_Thistle"									value="#D8BFD8"/>
  <Define id="COL_Tomato"										value="#FF6347"/>
  <Define id="COL_Turquoise"								value="#40E0D0"/>
  <Define id="COL_Violet"										value="#EE82EE"/>
  <Define id="COL_VioletRed"								value="#D02090"/>
  <Define id="COL_Wheat"										value="#F5DEB3"/>
  <Define id="COL_White"										value="#FFFFFF"/>
  <Define id="COL_WhiteSmoke"								value="#F5F5F5"/>
  <Define id="COL_Yellow"										value="#FFFF00"/>
  <Define id="COL_YellowGreen"							value="#9ACD32"/>	
  
</Skin>
