<?xml version="1.0" encoding="Windows-1252" ?>

<Skin>

	<Templates>		
	
		
		<!--
			<DrawLine size="4" positions="center-3,center-3,center+3,center+3" color="#4E5659"/>
			<DrawLine size="4" positions="center-3,center+3,center+3,center-3" color="#4E5659"/>
			<DrawLine size="2" positions="center-3,center-3,center+3,center+3" color="#F8F7F5"/>
			<DrawLine size="2" positions="center-3,center+3,center+3,center-3" color="#F8F7F5"/>
		-->
	
		
		
	
	</Templates>
	
	<Define id="darkcol"	value="#202020"/>
	<Define id="lightcol" value="#808080"/>

	<Objects>		
	
		
		<Style id="ID_StdContainerStyle" transparent="true">
			<HorizontalStyle>
				<ClientArea measures="7,7,-7,-7"/>	
				<State type="OnNormal" opacity="100%">							
					<DrawRectangle clientarea="no" name="topBarColor" bgcolor="#FFFFFF"	type="gradient" colors="#e0e3e8,#e0e3e8,#b0b3b8,#b0b3b8" measures="0,0,*,*"/>				
					<DrawRectangle clientarea="no" xpos="0" ypos="0" width="*" height="*" type="simple" bgcolor="#C0C3C8" color="#a0a0a0"/>												          
					<DrawRectangle clientarea="no" xpos="1" ypos="1" width="-1" height="-1" type="simple" bgcolor="#C0C3C8" color="#c0cacd"/>
          
          <DrawText direction="horizontal" font="%D_WIN_Font_Title%" align="center,center"
											font="%D_Title_Font_Normal%"
                      color="#FFFFdd"
                      bgcolor="#4E5659"
                      value="{dynamic:title;}"
											measures="0,center,*,auto"/>
                                 
				</State>        
      </HorizontalStyle>
			<VerticalStyle>
				<ClientArea measures="7,7,-7,-7"/>	
				<State type="OnNormal">				
					<DrawRectangle clientarea="no" name="topBarColor"		bgcolor="#FFFFFF"	type="gradient" colors="#b0b3b8,#e0e3e8,#e0e3e8,#b0b3b8" measures="0,0,*,*"/>				
					<DrawRectangle clientarea="no" xpos="0" ypos="0" width="*" height="*" type="simple" bgcolor="#C0C3C8" color="#a0a0a0"/>												
					<DrawRectangle clientarea="no" xpos="1" ypos="1" width="-1" height="-1" type="simple" bgcolor="#C0C3C8" color="#c0cacd"/>											
				</State>			
			</VerticalStyle>
		</Style>	
	
		
	
		<Style id="ID_Style_Frame" transparent="true">		
			<HorizontalStyle>
				<ClientArea measures="2,2,-2,-2"/>	
					
				<State type="OnNormal" opacity="100%">		
				
				
				<!--
					<DrawRectangle name="MainBackground" xpos="0" ypos="0" width="*" height="*" type="filled" bgcolor="#C0C3C8" color="#000000"/>	
					-->
					<!--
					<DrawRectangle xpos="-5" ypos="10" width="*" height="*" type="filled" color="#000000" bgcolor="#000000"/>				
					<DrawRectangle xpos="5" ypos="-5" width="*" height="*" type="filled" color="#000000" bgcolor="#000000"/>				
					-->
				
					<DrawRectangle xpos="0" ypos="0" width="*" height="*" type="simple" bgcolor="#C0C3C8" color="#404040"/>												
					<DrawRectangle xpos="1" ypos="1" width="-1" height="-1" type="simple" bgcolor="#C0C3C8" color="#a0a0a0"/>												
					<!--
					<DrawRectangle name="MainBackground" xpos="0" ypos="0" width="-5" height="-5" type="filled" bgcolor="#C0C3C8" color="#000000"/>	
					-->				
					
				</State>	
			</HorizontalStyle>
		</Style>
		
		<Style id="ID_Style_SearchFrame" transparent="false">		
			<HorizontalStyle>
				<ClientArea measures="0,0,*,*"/>	
					
				<State type="OnNormal" opacity="100%">		
				
					<DrawRectangle name="MainBackground" xpos="0" ypos="0" width="-5" height="-5" type="filled" bgcolor="#C0C3C8" color="#000000"/>	
					
					<DrawRectangle xpos="-5" ypos="10" width="*" height="*" type="filled" color="#000000" bgcolor="#000000"/>				
					<DrawRectangle xpos="5" ypos="-5" width="*" height="*" type="filled" color="#000000" bgcolor="#000000"/>				
				
					<DrawRectangle xpos="0" ypos="0" width="-5" height="-5" type="simple" bgcolor="#C0C3C8" color="#404040"/>												
					<DrawRectangle xpos="1" ypos="1" width="-6" height="-6" type="simple" bgcolor="#C0C3C8" color="#a0a0a0"/>												
					<!--
					<DrawRectangle name="MainBackground" xpos="0" ypos="0" width="-5" height="-5" type="filled" bgcolor="#C0C3C8" color="#000000"/>	
					-->
					
					<DrawText measures="70,0,-60,50" align="left,center" value="{font:FNT_VistaBig;col:#F8F7F5;bgcol:#564E59;dynamic:title;}"/>
					
				</State>					
			</HorizontalStyle>
		</Style>
		
		<Style id="ID_Style_SettingsFrame" transparent="false">		
			<HorizontalStyle>
				<ClientArea measures="7,57,-7,-7"/>	
					
				<State type="OnNormal" opacity="100%">		
								
					<DrawRectangle name="MainBackground" xpos="0" ypos="0" width="*" height="*" type="filled" bgcolor="#C0C3C8" color="#000000"/>	
					
				
					<DrawRectangle xpos="0" ypos="0" width="*" height="*" type="simple" bgcolor="#C0C3C8" color="#404040"/>												
					<DrawRectangle xpos="1" ypos="1" width="-1" height="-1" type="simple" bgcolor="#C0C3C8" color="#a0a0a0"/>												
					<!--
					<DrawRectangle name="MainBackground" xpos="0" ypos="0" width="-5" height="-5" type="filled" bgcolor="#C0C3C8" color="#000000"/>	
					-->
					
					<DrawText measures="70,0,-60,50" align="left,center" value="{font:FNT_VistaBig;col:#F8F7F5;bgcol:#564E59;dynamic:title;}"/>
					
					
				</State>			
			</HorizontalStyle>
		</Style>
		
		<Style id="ID_Style_NavFrame" transparent="false">		
			<HorizontalStyle>
				<ClientArea measures="6,46,-6,-6"/>	
					
				<State type="OnNormal" opacity="100%">		
				
					<DrawRectangle name="MainBackground" xpos="0" ypos="0" width="-5" height="-5" type="filled" bgcolor="#C0C3C8" color="#000000"/>	
					
					<DrawRectangle xpos="-5" ypos="10" width="*" height="*" type="filled" color="#000000" bgcolor="#000000"/>				
					<DrawRectangle xpos="5" ypos="-5" width="*" height="*" type="filled" color="#000000" bgcolor="#000000"/>				
				
					<DrawRectangle xpos="0" ypos="0" width="-5" height="-5" type="simple" bgcolor="#C0C3C8" color="#404040"/>												
					<DrawRectangle xpos="1" ypos="1" width="-6" height="-6" type="simple" bgcolor="#C0C3C8" color="#a0a0a0"/>												
					<!--
					<DrawRectangle name="MainBackground" xpos="0" ypos="0" width="-5" height="-5" type="filled" bgcolor="#C0C3C8" color="#000000"/>	
					-->
					
					<DrawText measures="70,0,-60,50" align="left,center" value="{font:FNT_VistaBig;col:#F8F7F5;bgcol:#564E59;dynamic:title;}"/>
					
					
				</State>			
			</HorizontalStyle>
		</Style>	
	
		
		
		
	</Objects>	
	
	
		
	<Objects>
		
		<Style id="testa">
			<HorizontalStyle>
				<ClientArea measures="0,0,*,*"/>	
				<State type="OnInActive" opacity="100%">									
					<DrawRectangle type="filled" color="#000000" bgcolor="#FFFFFF"/>				
				</State>
				<State type="OnMouseOver" opacity="100%">									
					<DrawRectangle type="filled" color="#000000" bgcolor="#564E59"/>				
				</State>						
			</HorizontalStyle>
		</Style>
		
		

	</Objects>
	
</Skin>