<?xml version="1.0" encoding="Windows-1252" ?>
<Skin>

<!--	
	<Define modify="no" id="D_Std_FontFile"												value="fonts\seguibd.ttf" />
	
	<Define modify="no" id="D_Std_FontFile"												value="d:\fonts\augie.ttf" /> 
	<Define modify="no" id="D_Std_FontFile"												value="d:\fonts\DADSR___.TTF" /> 		
	<Define modify="no" id="D_Std_FontFile"												value="d:\fonts\Diesel.TTF" /> 
	<Define modify="no" id="D_Std_FontFile"												value="d:\fonts\Fear.TTF" /> 	 
	<Define modify="no" id="D_Std_FontFile"												value="d:\fonts\Filmcryptic.TTF" /> 	 
	<Define modify="no" id="D_Std_FontFile"												value="d:\fonts\AcidDreamer.TTF" /> 	 
	<Define modify="no" id="D_Std_FontFile"												value="d:\fonts\Austset.TTF" /> 	 
	<Define modify="no" id="D_Std_FontFile"												value="d:\fonts\bronics.TTF" /> 	 
	<Define modify="no" id="D_Std_FontFile"												value="d:\fonts\Austrise.TTF" /> 	 
	
	<Define modify="no" id="D_Std_FontFile"												value="d:\fonts\airmoleq.TTF" /> 	 
	<Define modify="no" id="D_Std_FontFile"												value="d:\fonts\airmoles.TTF" /> 	 
	<Define modify="no" id="D_Std_FontFile"												value="d:\fonts\airmolea.TTF" /> 	 
	<Define modify="no" id="D_Std_FontFile"												value="d:\fonts\airmole.TTF" /> 	 
	-->

  <Define modify="no" id="D_Std_FontFile"												value="fonts\seguibd.ttf" />


  <Define modify="no" id="D_FNT_StdSize"												value="18" />
 

  <Define modify="no" id="D_BTN_Font_Normal"										value="FNT_Button_Normal" />
	<Define modify="no" id="D_BTN_Font_Hovered"										value="FNT_Button_Hovered" />
	<Define modify="no" id="D_BTN_Font_Disabled"									value="FNT_Button_Disabled" />
	
	<Define modify="no" id="D_CB_Font"														value="FNT_Checkbox_Normal"		/>
	<Define modify="no" id="D_CB_Font_Hovered"										value="FNT_Checkbox_Hovered"	/>
	<Define modify="no" id="D_CB_Font_Disabled"										value="FNT_Checkbox_Disabled"	/>
	<Define modify="no" id="D_CB_Font_Active"											value="FNT_Checkbox_Active"		/>	
	
	<Define modify="no" id="D_RB_Font"														value="%D_CB_Font%" />
	<Define modify="no" id="D_RB_Font_Hovered"										value="%D_CB_Font_Hovered%" />
	<Define modify="no" id="D_RB_Font_Disabled"										value="%D_CB_Font_Disabled%" />
	<Define modify="no" id="D_RB_Font_Active"											value="%D_CB_Font_Active%" />		
	
	<Define modify="no" id="D_ITM_Font"														value="FNT_Item_Normal"	/>
	<Define modify="no" id="D_ITM_Font_Hovered"										value="FNT_Item_Hovered"	/>
	<Define modify="no" id="D_ITM_Font_Selected"									value="FNT_Item_Selected"	/>
	<Define modify="no" id="D_ITM_Font_HoveredSelected"						value="FNT_Item_HoveredSelected"	/>	
	
	<Define modify="no" id="D_Title_Font_Normal"									value="FNT_WinTitle" />		
	
	
	<Define modify="no" id="D_SL_Font"														value="FNT_Slider_Normal"	/>		
	
	
	<Objects>
	
		<Resources>

      <Font id="FNT_VistaShadow"
            bgcolor="#000000"
            color="#ffffff"
            compensate-outline="no"
            outline="no"
            bold="yes"
            size="%D_FNT_StdSize%"
            file="%D_Std_FontFile%"
            face="Arial"
            shadow="yes"
            shadow-offset="0,0"
            shadow-color="#000000"            
            transparent="yes" />
      
     	<Font id="FNT_Item_Normal" 
            compensate-outline="yes" 
            outline="no" 
            bold="no" 
            size="%D_FNT_StdSize%" 
            file="%D_Std_FontFile%" 
            face="Arial" 
            shadow="no" 
            shadow-offset="1,1" 
            shadow-color="#000000" 
            color="RGB( 0 , 0 , 0 )" 
            transparent="yes" />
      
      <Font id="FNT_Item_Hovered" 
            outline="yes"             
            bold="no" 
            bgcolor="#ffffff" 
            color="#000000" 
            shadow="no" 
            shadow-offset="0,0" 
            underline="no" 
            size="%D_FNT_StdSize%" 
            file="%D_Std_FontFile%" 
            transparent="yes" />	
			
      <Font id="FNT_Item_Selected" 
            bgcolor="#003A5B" 
            bold="no"
            outline="yes" 
            color="#ffffff" 
            underline="no" 
            size="%D_FNT_StdSize%" 
            file="%D_Std_FontFile%" 
            face="Arial" 
            shadow="no" 
            shadow-offset="1,1" 
            shadow-color="#ffffff" 
            transparent="yes" />
      
      <Font id="FNT_Item_HoveredSelected" 
            bgcolor="#003A5B"
            bold="no"
            outline="yes"
            compensate-outline="yes" 
            color="#ffffff" 
            underline="no" 
            size="%D_FNT_StdSize%" 
            file="%D_Std_FontFile%" 
            face="Arial" 
            shadow="no" 
            shadow-offset="0,0" 
            shadow-color="#ffffff" 
            transparent="yes" />	
		
			<Font id="FNT_WinTitle"
            size="%D_FNT_StdSize%" 
            bold="yes" 
            file="%D_Std_FontFile%" 
            face="Verdana" 
            shadow="no"             
            shadow-offset="0,0" 
            shadow-color="0" 
            outline="yes" 
            color="#FFFFFF" 
            bgcolor="#000000" 
            transparent="true" />
     
      <Font id="FNT_ContainerTitle_Normal" size="%D_FNT_StdSize%" bold="yes" file="%D_Std_FontFile%" face="Verdana" shadow="no" shadow-offset="2,2" shadow-color="0" outline="yes" color="#000000" bgcolor="#8AB3F0" transparent="true" />
      <Font id="FNT_Slider_Normal"	size="%D_FNT_StdSize%" file="%D_Std_FontFile%" face="Arial" shadow="yes" shadow-offset="1,1" shadow-color="#A6ABB5" outline="no" bold="no" color="RGB( 0 , 0 , 0 )" bgcolor="RGB( 0 , 0 , 0 )" transparent="yes" />

      <Font id="FNT_Checkbox_Normal" size="%D_FNT_StdSize%" file="%D_Std_FontFile%" face="Arial" shadow="no" shadow-offset="1,1" shadow-color="#000000" bold="no" color="RGB( 0 , 0 , 0 )" transparent="yes" />
      <Font id="FNT_Checkbox_Hovered" 
            outline="no" 
            color="#000000"
            bgcolor="#ffffff"
            underline="yes" 
            size="%D_FNT_StdSize%" 
            file="%D_Std_FontFile%" 
            face="Arial" 
            shadow="no" 
            shadow-offset="0,0" 
            shadow-color="#ffffff" 
            bold="no" 
            transparent="yes" />
      <Font id="FNT_Checkbox_Disabled" underline="no" size="%D_FNT_StdSize%" file="%D_Std_FontFile%" face="Arial" shadow="no" shadow-offset="1,1" shadow-color="#ffffff" outline="no" bold="no" color="#808080" bgcolor="RGB( 0 , 0 , 0 )" transparent="yes" />


      <Font id="FNT_Button_Normal"		size="%D_FNT_StdSize%" bold="yes" file="%D_Std_FontFile%" face="Verdana" shadow="no" shadow-offset="2,2" shadow-color="0" outline="yes" color="#000000" bgcolor="#8AB3F0" transparent="true" />
			<Font id="FNT_Button_Hovered"		underline="no" outline="yes"	cursive="no" size="%D_FNT_StdSize%" bold="yes" file="%D_Std_FontFile%" face="Verdana" transparent="true" />
			<Font id="FNT_Button_Disabled"	outline="yes"	cursive="no" size="%D_FNT_StdSize%" bold="yes" file="%D_Std_FontFile%" face="Verdana" transparent="true" />
			
			<Font id="FNT_VistaD" outline="yes"	cursive="no" size="%D_FNT_StdSize%" bold="yes" file="%D_Std_FontFile%" face="Verdana" transparent="true" />
		
			<Font id="FNT_Vista"	 outline="yes"	size="%D_FNT_StdSize%" bold="yes" file="%D_Std_FontFile%" face="Verdana" shadow="no" shadow-offset="2,2" shadow-color="0" color="#000000" bgcolor="#8AB3F0" transparent="true" />
			<Font id="FNT_VistaBtn"	size="%D_FNT_StdSize%" bold="yes" file="%D_Std_FontFile%" face="Verdana" shadow="no" shadow-offset="2,2" shadow-color="#000000" outline="yes" color="#000000" bgcolor="#8AB3F0" transparent="true" />

			<Font id="FNT_VistaBig"	outline="yes" size="28" underline="no" shadow="no" file="%D_Std_FontFile%" shadow="no" shadow-offset="2,1" shadow-color="#000000" bold="yes" color="#000000" bgcolor="#8AB3F0" transparent="true" />
			<Font id="FNT_VistaBigger"	size="46" underline="no" shadow="no" file="fonts\Dinobots.ttf" outline="yes" bold="yes" color="#000000" bgcolor="#8AB3F0" transparent="true" />
			
			<Font id="FNT_VistMini" face="Tahoma"	size="12" underline="no" shadow="no" outline="no" bold="no" color="#8AB3F0" bgcolor="#8AB3F0" transparent="true" />
			
			<Font id="FNT_New1"	size="32" file="fonts\Dinobots.ttf" shadow="no" shadow-offset="-5,-5" outline="yes" bold="no" color="#696969" bgcolor="#8AB3F0" transparent="true" />
			<!-- <Font id="FNT_Topic" size="24" face="Forte" outline="yes" bold="no" bgcolor="#000000" color="#ffffff" transparent="true"/> -->
			<Font id="FNT_Topic" size="14" face="Arial" outline="yes" bold="yes" color="RGB( 255 , 255 , 255 )" bgcolor="RGB( 0 , 0 , 0 )" transparent="yes" />
			<Font id="FNT_Topic3" size="20" face="Tahoma" outline="yes" bold="no" color="RGB( 190 , 235 , 255 )" bgcolor="RGB(  0 , 50 , 120 )" transparent="true" />
			<Font id="FNT_Topic4" size="12" face="Tahoma" outline="yes" bold="no" bgcolor="#F0F0F0" color="RGB( 0 , 0 , 0 )" transparent="true"/>
			<Font id="FNT_Topic4Bold" size="12" face="Tahoma" outline="yes" bold="no" bgcolor="#FFFFFF" color="#000000" transparent="true" />
			<Font id="FNT_Topic5" size="12" face="Tahoma" underline="yes" outline="no" bold="no" color="#000000" bgcolor="#8AB3F0" transparent="true" />
			<Font id="FNT_Topic6"	size="12" face="Tahoma" outline="no" bold="no" color="#000000" bgcolor="#8AB3F0" transparent="true" />
			<Font id="FNT_Topic7" size="12" cursive="true" face="Tahoma" outline="no" bold="no" color="#696969" bgcolor="#8AB3F0" transparent="true" />
			<Font id="FNT_Topic8" size="12" cursive="true" face="Tahoma" outline="no" bold="no" bgcolor="#f0f0f0" color="#404040" transparent="true" />
		
		</Resources>
		
	</Objects>
</Skin>
