<?xml version="1.0" encoding="Windows-1252"?>

<Skin>

  <Objects>  	  	
  
		<Resources>		
		 		
			
      
			<Image id="IDI_Star" file="images\star.png"/>  		
  		<Image id="IDI_StarBig" file="images\bigstar.bmp"/>  		
  		<Image id="IDI_StarGray" file="images\star_gray.png"/>
  		
      
      
      <!--
  		<Image id="IDI_MaSu" file="d:\dl\masu.bmp"/>
      -->
      
      <!--
      <Image id="IDI_Sunset" file="images\sunset.bmp"/>
      
      -->
      
  		<!--
  		<Image file="images\addedit2__.png"/>
			<Image file="images\masu.bmp"/>
  		<Image file="images\movie.png"/>
  		<Image file="images\settings.png"/>
  		<Image file="images\search.png"/>
  		-->
  		
  	</Resources> 	  	  	
  	
  	
  </Objects>
  
 </Skin>
