<Skin>
	
	<Objects>
	
		
		<!-- Styles -->
		<Style id="ID_StyleNone">
      <HorizontalStyle transparent="true">
				<State type="OnNormal" opacity="0%"/>
			</HorizontalStyle>
      <VerticalStyle transparent="true">
				<State type="OnNormal" opacity="0%"/>
			</VerticalStyle>
		</Style>

    
    <Style id="ID_StdWindowStyle"					  	template="T_StdWindowStyle"/>
    <Style id="ID_StdButtonStyle"						  template="T_StdButtonStyle"/>			
		<Style id="ID_StdCheckboxStyle"				  	template="T_StdCheckboxStyle"/>			
		<Style id="ID_StdRadioButtonStyle"		  	template="T_StdRadioButtonStyle"/>			
		<Style id="ID_ButtonCloseStyle"				  	template="T_ButtonCloseStyle"/>	
		<Style id="ID_ButtonMaximizeStyle"		  	template="T_ButtonMaximizeStyle"/>	
		<Style id="ID_ButtonMinimizeStyle"		  	template="T_ButtonMinimizeStyle"/>	
		<Style id="ID_MenuButtonStyle"				  	template="T_MenuButtonStyle"/>	
		<Style id="ID_StdTrackStyle"					  	template="T_TrackStyle"/>	
		<Style id="ID_StdScrollbarStyle"			  	template="T_StdScrollbarStyle"/>			
		<Style id="ID_StdScrollIncStyle"			  	template="T_StdScrollIncStyle"/>			
		<Style id="ID_StdScrollDecStyle"			  	template="T_StdScrollDecStyle"/>					
		<Style id="ID_StdScrollbarThumbStyle"		  template="T_StdScrollbarThumbStyle"/>					
		<Style id="ID_StdWindowTitleStyle"			  template="T_WindowTitleStyle"/>					
		<Style id="ID_StdWindowCaptionStyle"		  template="T_WindowCaptionStyle"/>

    <Style id="ID_StdScrollbarTrackStyle"		  template="T_StdScrollbarTrackStyle"/>
		
		<Style id="ID_StdBorderLStyle"					  template="T_StdBorderLStyle"/>	
		<Style id="ID_StdBorderRStyle"					  template="T_StdBorderRStyle"/>	
		<Style id="ID_StdBorderTStyle"					  template="T_StdBorderTStyle"/>	
		<Style id="ID_StdBorderBStyle"					  template="T_StdBorderBStyle"/>	
		<Style id="ID_StdBorderTLStyle"					  template="T_StdBorderTLStyle"/>	
		<Style id="ID_StdBorderTRStyle"				  	template="T_StdBorderTRStyle"/>	
		<Style id="ID_StdBorderBLStyle"					  template="T_StdBorderBLStyle"/>	
		<Style id="ID_StdBorderBRStyle"				  	template="T_StdBorderBRStyle"/>	
		
		<Style id="ID_StdListStyle"						  	template="T_ListStyle"/>	
		<Style id="ID_StdItemStyle"						  	template="T_ItemStyle"/>

    <Style id="ID_StdItemTextStyle"					  template="T_ItemTextStyle"/>
    <Style id="ID_StdItemImageStyle"			  	template="T_ItemImageStyle"/>

    <Style id="ID_StdTreeIndentStyle"			  	template="T_TreeStructureStyle"/>

    <Style id="ID_StdItemNodeExpanderStyle" 	template="T_ItemNodeExpanderStyle"/>

    <Style id="ID_StdSystemButtonsStyle" 	    template="T_StdSystemButtonsStyle"/>

    



    <!-- Objects -->
    
    <Slider     id="StdSliderObject"				  template="T_StdSliderH"/>
    <ListItem   id="ID_StdListItem"           template="T_ListItem"/>
    <TreeItem   id="ID_StdTreeItem"           template="T_TreeItem"/>
    <Scrollbar	id="ID_StdScrollbar"					template="T_StdScrollbar"/>
		<Checkbox		id="ID_StdCheckbox"						template="T_StdCheckbox"/>		
		<Caption		id="ID_StdWindowCaption"			template="T_StdWindowCaption"/>
		
	</Objects>	

</Skin>