<?xml version="1.0" encoding="Windows-1252"?>
<Skin name="Default Skin" version="0.1" author="Scope" preview="Resources\Images\preview.jpg">				

	
	<Include file="Resources\Images.xml"/>
	<Include file="Resources\Cursors.xml"/>
	<Include file="Resources\Icons.xml"/>	
	<Include file="Resources\Fonts.xml"/>
	
	<Include file="Defaults\definitions.xml"/>		
	<Include file="Defaults\colors.xml"/>
  <Include file="Templates\Gradients.xml"/>
	<Include file="Templates\Buttons.xml"/>
	<Include file="Templates\Scrollbars.xml"/>	
	<Include file="Templates\Tabs.xml"/>
	<Include file="Templates\Windows.xml"/>
	<Include file="Templates\Borders.xml"/>
	<Include file="Templates\Controls.xml"/>			
	<Include file="Templates\Containers.xml"/>
	
	<Include file="Styles\WindowStyles.xml"/>			<!-- Instantiation of WindowStyles -->
	
	<Include file="Instantiation.xml"/>						<!-- Instantiation of default objects and styles -->
	
	<!--<SetDefaultObject type="Slider"				object="StdSliderObject"/>-->
	
	<SetDefaultObject type="Scrollbar"		  	object="ID_StdScrollbar"/>
	<SetDefaultObject type="Checkbox"		    	object="ID_StdCheckbox"/>
	<SetDefaultObject type="Caption"			  	object="ID_StdWindowCaption"/>
  <SetDefaultObject type="ListItem"		    	object="ID_StdListItem"/>
  <SetDefaultObject type="TreeItem"		    	object="ID_StdTreeItem"/>


  <SetDefaultStyle  type="Window"			  		style="ID_StdWindowStyle"/>

  <SetDefaultStyle  type="FrameSet"				  style="ID_StyleNone"/>
	<SetDefaultStyle  type="Container"	  		style="ID_StdContainerStyle"/>
	<SetDefaultStyle  type="Thumb"			  		style="ID_StdButtonStyle"/>	
	<SetDefaultStyle  type="Track"			  		style="ID_StdTrackStyle"/>
	<SetDefaultStyle  type="Slider"					  style="ID_StyleNone"/>
	<SetDefaultStyle  type="Scrollbar"		   	style="ID_StdScrollbarStyle"/>
	<SetDefaultStyle  type="ScrollInc"		  	style="ID_StdScrollIncStyle"/>
	<SetDefaultStyle  type="ScrollDec"		  	style="ID_StdScrollDecStyle"/>
	<SetDefaultStyle  type="Title"				  	style="ID_StdWindowTitleStyle"/>
	<SetDefaultStyle  type="Caption"			  	style="ID_StdWindowCaptionStyle"/>

  <SetDefaultStyle  type="SystemButtons"		style="ID_StdSystemButtonsStyle"/>

  

  <SetDefaultStyle  type="Tree"				  		style="ID_StdListStyle"/>	
	<SetDefaultStyle  type="Item"				  		style="ID_StdItemStyle"/>


  <SetDefaultStyle  type="List"				  		style="ID_StdListStyle"/>
  <SetDefaultStyle  type="ListItem"		  		style="ID_StdItemStyle"/>
  <SetDefaultStyle  type="TreeItem"		  		style="ID_StdItemStyle"/>

  <SetDefaultStyle  type="ItemText"		  		style="ID_StdItemTextStyle"/>
  <SetDefaultStyle  type="ItemImage"	  		style="ID_StdItemImageStyle"/>

  <SetDefaultStyle  type="TreeIndent"	  		style="ID_StdTreeIndentStyle"/>


  <SetDefaultStyle  type="NodeExpander"  		style="ID_StdItemNodeExpanderStyle"/>
  


  <!-- BORDER STYLES -->
	<SetDefaultStyle  type="BorderL"			  	style="ID_StdBorderLStyle"/>	
	<SetDefaultStyle  type="BorderR"			  	style="ID_StdBorderRStyle"/>	
	<SetDefaultStyle  type="BorderT"			  	style="ID_StdBorderTStyle"/>	
	<SetDefaultStyle  type="BorderB"			  	style="ID_StdBorderBStyle"/>	
	<SetDefaultStyle  type="BorderTL"		  		style="ID_StdBorderTLStyle"/>	
	<SetDefaultStyle  type="BorderTR"			  	style="ID_StdBorderTRStyle"/>	
	<SetDefaultStyle  type="BorderBL"		  		style="ID_StdBorderBLStyle"/>	
	<SetDefaultStyle  type="BorderBR"		  		style="ID_StdBorderBRStyle"/>	
	
	
	<!--
	<SetDefaultStyle type="ScrollbarH"			style="ID_StdSliderStyleH"/>
	<SetDefaultStyle type="ScrollbarV"			style="ID_StdSliderStyleV"/>
	-->
	
	<SetDefaultStyle  type="Button"				  	style="ID_StdButtonStyle"/>
	<SetDefaultStyle  type="Checkbox"			  	style="ID_StdCheckboxStyle"/>
	<SetDefaultStyle  type="RadioButton"	  	style="ID_StdRadioButtonStyle"/>
	
	<SetDefaultStyle  type="CloseButton"		  style="ID_ButtonCloseStyle"/>
	<SetDefaultStyle  type="MaximizeButton"	  style="ID_ButtonMaximizeStyle"/>
	<SetDefaultStyle  type="MinimizeButton"	  style="ID_ButtonMinimizeStyle"/>			
	<SetDefaultStyle  type="MenuButton"			  style="ID_MenuButtonStyle"/>					
	
<!--
	<Include file="debug.xml"/>
	
	-->
			
</Skin>
